-- phpMyAdmin SQL Dump
-- version 5.2.0
-- https://www.phpmyadmin.net/
--
-- Servidor: 127.0.0.1
-- Tiempo de generación: 17-09-2023 a las 00:56:55
-- Versión del servidor: 10.4.24-MariaDB
-- Versión de PHP: 8.0.19

SET SQL_MODE = "NO_AUTO_VALUE_ON_ZERO";
START TRANSACTION;
SET time_zone = "+00:00";


/*!40101 SET @OLD_CHARACTER_SET_CLIENT=@@CHARACTER_SET_CLIENT */;
/*!40101 SET @OLD_CHARACTER_SET_RESULTS=@@CHARACTER_SET_RESULTS */;
/*!40101 SET @OLD_COLLATION_CONNECTION=@@COLLATION_CONNECTION */;
/*!40101 SET NAMES utf8mb4 */;

--
-- Base de datos: `farmacia1`
--

-- --------------------------------------------------------

--
-- Estructura de tabla para la tabla `clientes`
--

CREATE TABLE `clientes` (
  `id` int(11) NOT NULL,
  `dni` varchar(15) COLLATE utf8_spanish_ci NOT NULL,
  `nombre` varchar(180) COLLATE utf8_spanish_ci NOT NULL,
  `telefono` varchar(15) COLLATE utf8_spanish_ci NOT NULL,
  `direccion` varchar(255) COLLATE utf8_spanish_ci NOT NULL
) ENGINE=InnoDB DEFAULT CHARSET=utf8 COLLATE=utf8_spanish_ci;

--
-- Volcado de datos para la tabla `clientes`
--

INSERT INTO `clientes` (`id`, `dni`, `nombre`, `telefono`, `direccion`) VALUES
(2, '18054374', 'Oscar Lindo', '7777777', 'Ambato'),
(3, '1805450382', 'Lisbeth Morales', '0995667418', 'Izamba'),
(5, '174455588', 'Pedro Infante', '3333', 'Mexico');

-- --------------------------------------------------------

--
-- Estructura de tabla para la tabla `config`
--

CREATE TABLE `config` (
  `id` int(11) NOT NULL,
  `ruc` int(15) NOT NULL,
  `nombre` varchar(255) COLLATE utf8_spanish_ci NOT NULL,
  `telefono` int(11) NOT NULL,
  `direccion` text COLLATE utf8_spanish_ci NOT NULL,
  `mensaje` varchar(255) COLLATE utf8_spanish_ci NOT NULL
) ENGINE=InnoDB DEFAULT CHARSET=utf8 COLLATE=utf8_spanish_ci;

--
-- Volcado de datos para la tabla `config`
--

INSERT INTO `config` (`id`, `ruc`, `nombre`, `telefono`, `direccion`, `mensaje`) VALUES
(1, 12345678, 'FARMACIAS \"COLITA DE RANA\"', 1800, 'QUITO', 'Sana Sana Colita de Rana');

-- --------------------------------------------------------

--
-- Estructura de tabla para la tabla `detalle`
--

CREATE TABLE `detalle` (
  `id` int(11) NOT NULL,
  `id_pro` int(11) NOT NULL,
  `cantidad` int(11) NOT NULL,
  `precio` decimal(10,2) NOT NULL,
  `id_venta` int(11) NOT NULL
) ENGINE=InnoDB DEFAULT CHARSET=utf8 COLLATE=utf8_spanish_ci;

--
-- Volcado de datos para la tabla `detalle`
--

INSERT INTO `detalle` (`id`, `id_pro`, `cantidad`, `precio`, `id_venta`) VALUES
(6, 2, 2, '1.30', 5),
(7, 2, 2, '1.30', 5),
(8, 2, 2, '1.30', 5),
(9, 1, 3, '1.20', 5),
(10, 2, 2, '1.30', 6),
(11, 2, 2, '1.30', 7),
(12, 2, 2, '1.30', 8),
(13, 2, 3, '1.30', 9),
(14, 2, 2, '1.30', 10),
(15, 2, 2, '1.30', 11),
(16, 1, 3, '1.20', 12),
(17, 2, 3, '1.30', 13),
(18, 2, 3, '1.30', 14),
(19, 2, 3, '1.30', 15),
(20, 2, 1, '1.30', 16),
(21, 2, 3, '1.30', 17),
(22, 2, 4, '1.30', 18),
(23, 2, 2, '1.30', 19),
(24, 2, 1, '1.30', 20),
(25, 1, 2, '1.20', 21),
(26, 1, 3, '1.20', 22),
(27, 2, 2, '1.30', 23),
(28, 2, 3, '1.30', 24),
(29, 1, 2, '1.20', 24);

-- --------------------------------------------------------

--
-- Estructura de tabla para la tabla `productos`
--

CREATE TABLE `productos` (
  `id` int(11) NOT NULL,
  `codigo` varchar(20) COLLATE utf8_spanish_ci NOT NULL,
  `nombre` text COLLATE utf8_spanish_ci NOT NULL,
  `proveedor` int(11) NOT NULL,
  `stock` int(11) NOT NULL,
  `precio` decimal(10,2) NOT NULL
) ENGINE=InnoDB DEFAULT CHARSET=utf8 COLLATE=utf8_spanish_ci;

--
-- Volcado de datos para la tabla `productos`
--

INSERT INTO `productos` (`id`, `codigo`, `nombre`, `proveedor`, `stock`, `precio`) VALUES
(1, '79878789', 'Pastillas', 1, 7, '1.20'),
(2, '17844', 'Shampoo', 1, 5, '1.30');

-- --------------------------------------------------------

--
-- Estructura de tabla para la tabla `proveedor`
--

CREATE TABLE `proveedor` (
  `id` int(11) NOT NULL,
  `ruc` varchar(15) COLLATE utf8_spanish_ci NOT NULL,
  `nombre` varchar(255) COLLATE utf8_spanish_ci NOT NULL,
  `telefono` varchar(15) COLLATE utf8_spanish_ci NOT NULL,
  `direccion` varchar(255) COLLATE utf8_spanish_ci NOT NULL
) ENGINE=InnoDB DEFAULT CHARSET=utf8 COLLATE=utf8_spanish_ci;

--
-- Volcado de datos para la tabla `proveedor`
--

INSERT INTO `proveedor` (`id`, `ruc`, `nombre`, `telefono`, `direccion`) VALUES
(1, '998787', 'pFizer', '798978879', 'Los Angeles');

-- --------------------------------------------------------

--
-- Estructura de tabla para la tabla `usuarios`
--

CREATE TABLE `usuarios` (
  `id` int(11) NOT NULL,
  `nombre` varchar(200) COLLATE utf8_spanish_ci NOT NULL,
  `correo` varchar(200) COLLATE utf8_spanish_ci NOT NULL,
  `pass` varchar(50) COLLATE utf8_spanish_ci NOT NULL,
  `rol` varchar(20) COLLATE utf8_spanish_ci NOT NULL
) ENGINE=InnoDB DEFAULT CHARSET=utf8 COLLATE=utf8_spanish_ci;

--
-- Volcado de datos para la tabla `usuarios`
--

INSERT INTO `usuarios` (`id`, `nombre`, `correo`, `pass`, `rol`) VALUES
(1, 'usuario1', 'usuario@correo.com', '1234', 'Administrador');

-- --------------------------------------------------------

--
-- Estructura de tabla para la tabla `ventas`
--

CREATE TABLE `ventas` (
  `id` int(11) NOT NULL,
  `cliente` int(11) NOT NULL,
  `vendedor` varchar(60) COLLATE utf8_spanish_ci DEFAULT NULL,
  `total` decimal(10,2) NOT NULL,
  `fecha` varchar(20) COLLATE utf8_spanish_ci NOT NULL
) ENGINE=InnoDB DEFAULT CHARSET=utf8 COLLATE=utf8_spanish_ci;

--
-- Volcado de datos para la tabla `ventas`
--

INSERT INTO `ventas` (`id`, `cliente`, `vendedor`, `total`, `fecha`) VALUES
(5, 2, 'Juan Sanchez', '2.60', '28/01/2023'),
(6, 2, NULL, '2.60', '28/01/2023'),
(7, 2, NULL, '2.60', '28/01/2023'),
(8, 2, NULL, '2.60', '28/01/2023'),
(9, 2, NULL, '3.90', '28/01/2023'),
(10, 2, NULL, '2.60', '28/01/2023'),
(11, 2, NULL, '2.60', '28/01/2023'),
(12, 3, NULL, '3.60', '28/01/2023'),
(13, 3, NULL, '3.90', '28/01/2023'),
(14, 2, NULL, '3.90', '28/01/2023'),
(15, 5, NULL, '3.90', '29/01/2023'),
(16, 5, NULL, '1.30', '29/01/2023'),
(17, 5, NULL, '3.90', '29/01/2023'),
(18, 5, NULL, '5.20', '29/01/2023'),
(19, 5, NULL, '2.60', '29/01/2023'),
(20, 5, NULL, '1.30', '29/01/2023'),
(21, 5, NULL, '2.40', '29/01/2023'),
(22, 5, NULL, '3.60', '29/01/2023'),
(23, 3, NULL, '2.60', '07/02/2023'),
(24, 5, NULL, '6.30', '07/02/2023');

--
-- Índices para tablas volcadas
--

--
-- Indices de la tabla `clientes`
--
ALTER TABLE `clientes`
  ADD PRIMARY KEY (`id`);

--
-- Indices de la tabla `config`
--
ALTER TABLE `config`
  ADD PRIMARY KEY (`id`);

--
-- Indices de la tabla `detalle`
--
ALTER TABLE `detalle`
  ADD PRIMARY KEY (`id`),
  ADD KEY `id_venta` (`id_venta`),
  ADD KEY `id_pro` (`id_pro`);

--
-- Indices de la tabla `productos`
--
ALTER TABLE `productos`
  ADD PRIMARY KEY (`id`),
  ADD KEY `proveedor` (`proveedor`);

--
-- Indices de la tabla `proveedor`
--
ALTER TABLE `proveedor`
  ADD PRIMARY KEY (`id`);

--
-- Indices de la tabla `usuarios`
--
ALTER TABLE `usuarios`
  ADD PRIMARY KEY (`id`);

--
-- Indices de la tabla `ventas`
--
ALTER TABLE `ventas`
  ADD PRIMARY KEY (`id`),
  ADD KEY `cliente` (`cliente`);

--
-- AUTO_INCREMENT de las tablas volcadas
--

--
-- AUTO_INCREMENT de la tabla `clientes`
--
ALTER TABLE `clientes`
  MODIFY `id` int(11) NOT NULL AUTO_INCREMENT, AUTO_INCREMENT=6;

--
-- AUTO_INCREMENT de la tabla `config`
--
ALTER TABLE `config`
  MODIFY `id` int(11) NOT NULL AUTO_INCREMENT, AUTO_INCREMENT=2;

--
-- AUTO_INCREMENT de la tabla `detalle`
--
ALTER TABLE `detalle`
  MODIFY `id` int(11) NOT NULL AUTO_INCREMENT, AUTO_INCREMENT=30;

--
-- AUTO_INCREMENT de la tabla `productos`
--
ALTER TABLE `productos`
  MODIFY `id` int(11) NOT NULL AUTO_INCREMENT, AUTO_INCREMENT=3;

--
-- AUTO_INCREMENT de la tabla `proveedor`
--
ALTER TABLE `proveedor`
  MODIFY `id` int(11) NOT NULL AUTO_INCREMENT, AUTO_INCREMENT=2;

--
-- AUTO_INCREMENT de la tabla `usuarios`
--
ALTER TABLE `usuarios`
  MODIFY `id` int(11) NOT NULL AUTO_INCREMENT, AUTO_INCREMENT=3;

--
-- AUTO_INCREMENT de la tabla `ventas`
--
ALTER TABLE `ventas`
  MODIFY `id` int(11) NOT NULL AUTO_INCREMENT, AUTO_INCREMENT=25;

--
-- Restricciones para tablas volcadas
--

--
-- Filtros para la tabla `detalle`
--
ALTER TABLE `detalle`
  ADD CONSTRAINT `detalle_ibfk_1` FOREIGN KEY (`id_pro`) REFERENCES `productos` (`id`) ON DELETE CASCADE ON UPDATE CASCADE,
  ADD CONSTRAINT `detalle_ibfk_2` FOREIGN KEY (`id_venta`) REFERENCES `ventas` (`id`) ON DELETE CASCADE ON UPDATE CASCADE;

--
-- Filtros para la tabla `productos`
--
ALTER TABLE `productos`
  ADD CONSTRAINT `productos_ibfk_1` FOREIGN KEY (`proveedor`) REFERENCES `proveedor` (`id`) ON DELETE CASCADE ON UPDATE CASCADE;

--
-- Filtros para la tabla `ventas`
--
ALTER TABLE `ventas`
  ADD CONSTRAINT `ventas_ibfk_1` FOREIGN KEY (`cliente`) REFERENCES `clientes` (`id`) ON DELETE CASCADE ON UPDATE CASCADE;
COMMIT;

/*!40101 SET CHARACTER_SET_CLIENT=@OLD_CHARACTER_SET_CLIENT */;
/*!40101 SET CHARACTER_SET_RESULTS=@OLD_CHARACTER_SET_RESULTS */;
/*!40101 SET COLLATION_CONNECTION=@OLD_COLLATION_CONNECTION */;
